id,phase,item,value,unit,source_type,source_ref,extracted_by,confidence,used_in,confirmed_by_user,notes
T1,1,Pricing Speed,10,percent CPR,PPM,Table 1 footnote (1) p11,ppm-analyst,high,tie-out,N,"""prepayments occur at the Pricing Speed of 10% CPR, calculated from the Closing Date""."
T2,1,Table 1 expected WAL and principal window basis,Early Redemption Date in February 2031; 10% CPR from the Closing Date; no Credit Events; no Modification Events; Notes pay on the 25th of each month beginning March 2026,text,PPM,Table 1 footnote (1) p11,ppm-analyst,high,tie-out,N,Verified: every Table 1 expected WAL equals the WAL-table cell at CER 0.00% / RM 0.00% / 10% CPR / To Early Redemption Date (p139-140) and the same cell in the Declining Balances WAL rows (p141-145). See data/ppm_tables/README.md.
T3,1,SOFR Rate for the first Accrual Period,3.65786,percent,PPM,Table 1 footnote (2) p11,ppm-analyst,high,waterfall,N,Same figure as Modeling Assumption (r).
T4,1,PPM table modeling pool,Appendix C: 31 assumed loan groups (rep-lines),text,PPM,p136 Modeling Assumption (a); Appendix C p255,ppm-analyst,high,tie-out,N,Transcribed to data/ppm_tables/appendix_c_rep_lines.csv. Supersedes the transcription task noted on P11.
T5,1,Appendix C sum of Original Balance,23552092000.00,USD,PPM,Appendix C p255 (sum of 31 rows),ppm-analyst,high,tie-out,N,"Equals dataset D3 (23,552,092,000.00) exactly."
T6,1,Appendix C sum of Outstanding Principal Balance,22781151551.84,USD,PPM,Appendix C p255 (sum of 31 rows),ppm-analyst,high,tie-out,N,Equals Cut-off Date Balance P10 / D6 to the cent.
T7,1,Scheduled payment convention for PPM tables,"level-pay: scheduled monthly payment computed from outstanding principal balance, per annum interest rate and remaining term to maturity so the loan fully amortizes over its remaining term",text,PPM,p136 Modeling Assumption (c),ppm-analyst,high,pool,N,"Computed from OUTSTANDING balance and REMAINING term, not original balance/term."
T8,1,"Credit Events in WAL, Credit Event Sensitivity, Cumulative Write-down and Yield tables",Credit Events at the indicated CER percentages; no lag between Credit Event Amounts and Recovery Principal; Preliminary Principal Loss Amount = 25% of the Credit Event Amount,text,PPM,p136 Modeling Assumption (d)(i),ppm-analyst,high,tie-out,N,Applies to every table family except the Declining Balances Tables. Restates P14 with the table-family scope made explicit.
T9,1,Credit Events in Declining Balances Tables,none,text,PPM,p136 Modeling Assumption (d)(ii),ppm-analyst,high,tie-out,N,
T10,1,Delinquency Test in PPM tables,satisfied for each Payment Date,text,PPM,p136 Modeling Assumption (e),ppm-analyst,high,tie-out,N,
T11,1,Scheduled P&I receipt timing in PPM tables,last day of each month beginning January 2026,text,PPM,p136 Modeling Assumption (f),ppm-analyst,high,tie-out,N,First collection month is January 2026 (Cut-off Date 2025-12-31); first Payment Date March 2026.
T12,1,Prepayment-in-full timing in PPM tables,"last day of each month beginning January 2026, together with 30 days' interest",text,PPM,p136 Modeling Assumption (g),ppm-analyst,high,tie-out,N,
T13,1,Partial prepayments (curtailments) in PPM tables,none,text,PPM,p136 Modeling Assumption (h),ppm-analyst,high,tie-out,N,
T14,1,Prepayment model,CPR at the indicated percentages; constant annual rate converted to an equivalent monthly rate,text,PPM,p136 Modeling Assumption (i); p137 CPR definition,ppm-analyst,high,tie-out,N,
T15,1,Pool composition changes in PPM tables,"no purchases, removals, reinstatements or substitutions",text,PPM,p136 Modeling Assumption (j),ppm-analyst,high,tie-out,N,
T16,1,Modification Events in PPM tables,"none for Declining Balances and Credit Event Sensitivity tables; for WAL, Cumulative Write-down and Yield table rows with RM > 0: RM applied to all Reference Obligations from the first Reporting Period through the Scheduled Maturity Date, with the March 2026 Modification Loss Amount computed as of January 1, 2026 on Cut-off Date UPB plus as of February 1, 2026 on January 31, 2026 UPB",text,PPM,p136-137 Modeling Assumption (k),ppm-analyst,high,tie-out,N,Verbatim text in data/ppm_tables/modeling_assumptions.yaml. RM x% = gross coupon reduced by x% for the remaining life (p138). Only the RM = 0.00% rows are tie-out targets under the brief; RM rows require the modification-loss mechanics.
T17,1,Data corrections in PPM tables,none,text,PPM,p137 Modeling Assumption (l),ppm-analyst,high,tie-out,N,
T18,1,Early redemption in PPM tables,"none, except where a table specifies it; then on the earlier of (i) the February 2031 Payment Date and (ii) the first Payment Date on which aggregate Reference Obligation UPB <= 10% of the Cut-off Date Balance",text,PPM,p137 Modeling Assumption (m),ppm-analyst,high,tie-out,N,"Per table: WAL tables and Credit Event Sensitivity tables print both a 'To Scheduled Maturity Date' and a 'To Early Redemption Date' basis; Declining Balances percentages assume none (balances continue past Feb 2031 in the 0%/5% CPR columns) with two WAL rows, one per basis. Restates P13 with the per-table detail."
T19,1,"Reversals, Modification Gains and Rep & Warranty settlements in PPM tables",none,text,PPM,p137 Modeling Assumption (n),ppm-analyst,high,tie-out,N,
T20,1,Projected Recovery Amount in PPM tables,0,USD,PPM,p137 Modeling Assumption (o),ppm-analyst,high,tie-out,N,
T21,1,Original Notes issue date assumed in PPM tables,2026-02-17,date,PPM,p137 Modeling Assumption (p),ppm-analyst,high,tie-out,N,Same as Closing Date P1.
T22,1,Note payment timing in PPM tables,25th day of each month beginning March 2026,text,PPM,p137 Modeling Assumption (q),ppm-analyst,high,tie-out,N,
T23,1,SOFR Rate in PPM tables,3.65786,percent,PPM,p137 Modeling Assumption (r),ppm-analyst,high,tie-out,N,Constant for all periods. Same as P12.
T24,1,Exchanges and Freddie Mac retirement option in PPM tables,every Class outstanding from Closing Date to retirement; no exchanges; Freddie Mac does not retire Notes it owns,text,PPM,p137 Modeling Assumption (s),ppm-analyst,high,tie-out,N,
T25,1,CPR grid in PPM tables,0; 5; 10; 15; 25; 35,percent CPR,PPM,p139-146 column headers,ppm-analyst,high,tie-out,N,"Identical in WAL, Declining Balances, Credit Event Sensitivity, Cumulative Write-down and Yield tables."
T26,1,CER / RM grid in WAL tables,"(CER, RM) rows: (0.00, 0.00); (0.25, 0.00); (0.50, 0.00); (1.00, 0.00); (1.50, 0.00); (2.50, 0.00); (3.00, 0.00); (5.00, 0.00); (0.00, 0.01); (0.50, 0.03); (1.00, 0.10)",percent,PPM,p139-140 row labels,ppm-analyst,high,tie-out,N,Same 11 rows in the Cumulative Write-down (p147-148) and Yield (p149-156) tables. Credit Event Sensitivity tables (p146) use the 8 CER values with no RM axis.
T27,1,CER definition,"constant annual rate at which Reference Obligations become Credit Event Reference Obligations each month, relative to the then-outstanding aggregate principal balance",text,PPM,p138,ppm-analyst,high,tie-out,N,"""A Credit Event Rate of 1% assumes Reference Obligations become Credit Event Reference Obligations at an annual rate of 1% which remains constant through the remaining lives of such Reference Obligations."" Monthly conversion method is not stated; see README. Confirms the C12 note."
T28,1,Declining Balances percentages rounding,rounded to the nearest whole percentage,text,PPM,p141 footnote (dagger),ppm-analyst,high,tie-out,N,"Brief tolerance is +/-0.25 pp, tighter than the printed precision; the tie-out must compare unrounded model output against whole-percent targets."
T29,1,Early Redemption Date assumed in Declining Balances WAL rows,first eligible Payment Date,text,PPM,p141-145 footnote **,ppm-analyst,high,tie-out,N,"""Based on the assumption that the Early Redemption Date occurs on the first eligible Payment Date."" Read together with (m)."
T30,1,WAL basis for Interest Only MACR Notes,reduction in Notional Principal Amount treated as reduction in Class Principal Balance,text,PPM,p137 Weighted Average Lives of the Notes,ppm-analyst,high,tie-out,N,
T31,1,"WAL basis for M-2RB, M-2SB, M-2TB, M-2UB",based on Class Principal Balance,text,PPM,p140 and p145 footnote *,ppm-analyst,high,tie-out,N,
T32,1,Class M-2 (MACR) maximum Class Principal Balance,75700000,USD,PPM,Table 1 p10,ppm-analyst,high,waterfall,N,SOFR Rate + 1.30%; initial coupon 4.95786%; WAL 4.45; window 45-60; initial CE 1.900%. Equals M-2A + M-2B.
T33,1,MACR coupon ladder,R = SOFR Rate + 0.55%; S = SOFR Rate + 0.70%; T = SOFR Rate + 0.85%; U = SOFR Rate + 1.00%; I = 0.75000% fixed on a Notional Principal Amount,text,PPM,"Table 1 p10, footnotes (6)(7) p11",ppm-analyst,high,waterfall,N,"Applies identically to the M-2, M-2A and M-2B families. Initial coupons 4.20786 / 4.35786 / 4.50786 / 4.65786 / 0.75000%."
T34,1,Class M-2RB / M-2SB / M-2TB / M-2UB coupons,"initial 5.70786% / 5.55786% / 5.40786% / 5.25786%; formula per footnote (9): pass-through of the Interest Payment Amount of the exchanged M-2B and M-2AI portions over the outstanding balance, times 360 / actual days",text,PPM,"Table 1 p10, footnotes (8)(9) p11",ppm-analyst,high,waterfall,N,"Maximum balance 37,850,000 each; becomes a Notional Principal Amount once M-2B is retired while M-2AI notional remains (footnote 8)."
T35,1,Class B-1H Reference Tranche coupon,SOFR Rate + 1.80%,text,PPM,"Table 1 p10, footnote (10) p11",ppm-analyst,high,waterfall,N,Initial 5.45786%. Not a Note; deemed to bear interest solely for allocating Modification Gain/Loss Amounts. Balance is in Table 3 p23 (not transcribed here).
T36,1,Class B-2H Reference Tranche coupon,SOFR Rate + 4.75%,text,PPM,"Table 1 p10, footnote (10) p11",ppm-analyst,high,waterfall,N,Initial 8.40786%. Same treatment as B-1H.
T37,1,Expected Initial Credit Enhancement by class,A-1 3.525%; M-1 2.250%; M-2A 2.075%; M-2B 1.900%; M-2 and all M-2B-family MACR 1.900%; M-2A-family MACR 2.075%,percent,PPM,Table 1 p10,ppm-analyst,high,waterfall,N,A-1 figure equals the Minimum Credit Enhancement Test threshold P15.
T38,1,Expected Principal Window by class at the Pricing Speed,A-1 1-37; M-1 1-45; M-2A 45-53; M-2B 53-60; M-2 45-60; IO classes N/A,months,PPM,Table 1 p10,ppm-analyst,high,tie-out,N,Basis per T2. Month 1 = March 2026 Payment Date. These are the only principal windows printed in the PPM; the WAL tables print none.
T39,1,Table 1 to WAL-table reconciliation,"all 24 Note classes: Table 1 expected WAL == WAL-table cell (CER 0.00%, RM 0.00%, 10% CPR, To Early Redemption Date)",text,PPM,Table 1 p10 vs p139-140,ppm-analyst,high,tie-out,N,"Also == the 'Weighted Average Life (years) to Early Redemption Date**' row at 10% CPR in the Declining Balances tables. The 'To Scheduled Maturity Date' cell differs for M-2 (4.46), M-2B (4.81) and their MACR families, so the early-redemption basis is confirmed, not assumed."
T40,1,Cumulative Note Write-down Amount Tables and Yield Tables,exist at p147-148 and p149-156; not transcribed,text,PPM,p147-156,ppm-analyst,high,,N,"Same CPR x (CER, RM) x basis grid as the WAL tables. Yield tables state an assumed price per class; listed in modeling_assumptions.yaml."
T41,1,Class A-1 Reduction Amount definition,"(A) up to and including the 36th Payment Date, the aggregate amount specified for such Payment Date on Appendix G; (B) thereafter, 100% of the Senior Reduction Amount (excluding any Recovery Principal) for such Payment Date",text,PPM,p190 Glossary of Significant Terms,ppm-analyst,high,waterfall; tie-out,N,"Verbatim in data/ppm_tables/modeling_assumptions.yaml. Explains why the Class A-1 Declining Balances (p141) are identical at every CPR for the first 36 months: A-1 amortizes on a fixed schedule, not on collections. p29: if the Class A-1 Cumulative Net Loss Test is not satisfied, the Class A-1 Reduction Amount is deemed zero."
T42,1,Appendix G Class A-1 Reduction Amount schedule,"36 Payment Periods; Class A-1 Reference Tranche portion 10,346,250.00 (3.750%) in periods 1-12 and 4,138,500.00 (1.500%) in periods 13-36; Class A-1H Reference Tranche portion 545,988.08 (3.750%) then 218,395.23 (1.500%)",USD; percent,PPM,Appendix G p285,ppm-analyst,high,waterfall; tie-out,N,"Transcribed to data/ppm_tables/appendix_g_class_a1_reduction_schedule.csv. Table is indexed by Payment Period (1-36), not by calendar Payment Date. Footnote *: percentages 'Shown for illustrative purposes only, representing the portions of the initial Class Notional Amount of the Class A-1 and Class A-1H Reference Tranches, if any, anticipated to be allocable ... for the Payment Date in each specified payment period.' 3.750% x 275,900,000 = 10,346,250.00 and 1.500% x 275,900,000 = 4,138,500.00 exactly."
T43,1,Appendix G sum of Class A-1 Reference Tranche portion,223479000.00,USD,PPM,Appendix G p285 (sum of 36 rows),ppm-analyst,high,tie-out,N,"= 81.000% of the Class A-1 original balance 275,900,000 (12 x 3.750% + 24 x 1.500%); does NOT equal the original balance. The remaining 19.000% (52,421,000.00) is paid under limb (B) of the definition after the 36th Payment Date. Cumulative reductions of 45% / 63% / 81% after periods 12 / 24 / 36 reproduce the Class A-1 Declining Balances of 55 / 37 / 19 at every CPR (p141) exactly."
T44,1,Appendix G sum of Class A-1H Reference Tranche portion,11793342.48,USD,PPM,Appendix G p285 (sum of 36 rows),ppm-analyst,medium,waterfall,N,"Implied initial Class A-1H Class Notional Amount = 545,988.08 / 3.750% = 14,559,682.13 (computed, not printed on p285; cross-check against Table 3 p23 before use). Aggregate Class A-1 Reduction Amount (A-1 + A-1H portions) over 36 periods = 235,272,342.48 (computed)."
T45,1,Allocation of Senior Reduction Amount - priority,"first, if and only if the Class A-1 Cumulative Net Loss Test is satisfied, up to the Class A-1 Reduction Amount to the Class A-1 and Class A-1H Reference Tranches pro rata by Class Notional Amount; second, Class A-H; third, Class A-1 and A-1H pro rata; fourth, Class M-1 and M-1H pro rata; ...",text,PPM,p107 Allocation of Senior Reduction Amount,ppm-analyst,medium,waterfall,N,Only the first four limbs were read for this row; the full ordering and the Subordinate Reduction Amount allocation are for the deal_terms YAML extraction. Appendix G footnote * refers to this section.
